title,source,weightage_score,is_genuine,draft,found_at
Sr Sourcer GTM Leadership,https://remoteOK.com/remote-jobs/remote-sr-sourcer-gtm-leadership-obsidian-security-1131065,60,True,I am an expert in this field.,2026-04-11 07:14
Senior Security Infrastructure Engineer,https://remoteOK.com/remote-jobs/remote-senior-security-infrastructure-engineer-sezzle-1131054,60,True,I am an expert in this field.,2026-04-11 07:14
E01 HR Compliance Specialist IV,https://remoteOK.com/remote-jobs/remote-e01-hr-compliance-specialist-iv-expansia-1131045,60,True,I am an expert in this field.,2026-04-11 07:14
Senior Data Engineer,https://remoteOK.com/remote-jobs/remote-senior-data-engineer-thoughtworks-1131034,60,True,I am an expert in this field.,2026-04-11 07:14
Manager Product Development,https://remoteOK.com/remote-jobs/remote-manager-product-development-c1-1131029,60,True,I am an expert in this field.,2026-04-11 07:14
Staff Engineer Digital Lending,https://remoteOK.com/remote-jobs/remote-staff-engineer-digital-lending-oaknorth-1131028,60,True,I am an expert in this field.,2026-04-11 07:14
Director of Security Engineering,https://remoteOK.com/remote-jobs/remote-director-of-security-engineering-c1-1131027,60,True,I am an expert in this field.,2026-04-11 07:14
Sales Development Representative,https://remoteOK.com/remote-jobs/remote-sales-development-representative-upguard-1131026,60,True,I am an expert in this field.,2026-04-11 07:14
Payroll Operations and Systems Manager,https://remoteOK.com/remote-jobs/remote-payroll-operations-and-systems-manager-arbor-education-1131021,60,True,I am an expert in this field.,2026-04-11 07:14
Associate Forward Deployed Engineer,https://remoteOK.com/remote-jobs/remote-associate-forward-deployed-engineer-symmetry-systems-1130994,60,True,I am an expert in this field.,2026-04-11 07:14
Internship Marketing Summer 2026,https://remoteOK.com/remote-jobs/remote-internship-marketing-summer-2026-concentric-1130969,60,True,I am an expert in this field.,2026-04-11 07:14
Senior Software Engineer,https://remoteOK.com/remote-jobs/remote-senior-software-engineer-sysdig-1130967,60,True,I am an expert in this field.,2026-04-11 07:14
Trading Technology Engineer,https://remoteOK.com/remote-jobs/remote-trading-technology-engineer-bitmex-1130960,60,True,I am an expert in this field.,2026-04-11 07:14
Software Engineer,https://remoteOK.com/remote-jobs/remote-software-engineer-prove-1130955,60,True,I am an expert in this field.,2026-04-11 07:14
Data Analyst,https://remoteOK.com/remote-jobs/remote-data-analyst-world-golf-tour-wgt-1130952,60,True,I am an expert in this field.,2026-04-11 07:14
Biomedical Clinical Engineer Senior,https://remoteOK.com/remote-jobs/remote-biomedical-clinical-engineer-senior-ibility-1130930,60,True,I am an expert in this field.,2026-04-11 07:14
Product Security Manager,https://remoteOK.com/remote-jobs/remote-product-security-manager-moonpay-1130926,60,True,I am an expert in this field.,2026-04-11 07:14
Cloud Security Engineer,https://remoteOK.com/remote-jobs/remote-cloud-security-engineer-moonpay-1130923,60,True,I am an expert in this field.,2026-04-11 07:14
Senior Security Engineer Automation,https://remoteOK.com/remote-jobs/remote-senior-security-engineer-automation-moonpay-1130921,60,True,I am an expert in this field.,2026-04-11 07:14
Senior Software Engineer C++ Windows SDK WIN32 API,https://remoteOK.com/remote-jobs/remote-senior-software-engineer-c-windows-sdk-win32-api-ivanti-1130909,60,True,I am an expert in this field.,2026-04-11 07:14
Senior Manager Strategic Partner Marketing,https://remoteOK.com/remote-jobs/remote-senior-manager-strategic-partner-marketing-vanta-1130878,60,True,I am an expert in this field.,2026-04-11 07:14
Lead Security Engineer,https://remoteOK.com/remote-jobs/remote-lead-security-engineer-copia-automation-1130876,60,True,I am an expert in this field.,2026-04-11 07:14
Mid Market Customer Account Manager,https://remoteOK.com/remote-jobs/remote-mid-market-customer-account-manager-iterable-1130873,60,True,I am an expert in this field.,2026-04-11 07:14
Senior Accountant,https://remoteOK.com/remote-jobs/remote-senior-accountant-blink-health-1130865,60,True,I am an expert in this field.,2026-04-11 07:14
Purview Consultant,https://remoteOK.com/remote-jobs/remote-purview-consultant-high-tech-genesis-1130862,60,True,I am an expert in this field.,2026-04-11 07:14
Security Engineer II Canada,https://remoteOK.com/remote-jobs/remote-security-engineer-ii-canada-nerdwallet-1130860,60,True,I am an expert in this field.,2026-04-11 07:14
Brand Designer,https://remoteOK.com/remote-jobs/remote-brand-designer-vanta-1130857,60,True,I am an expert in this field.,2026-04-11 07:14
Smart Contract Engineer SVM,https://remoteOK.com/remote-jobs/remote-smart-contract-engineer-svm-veda-tech-labs-1130849,60,True,I am an expert in this field.,2026-04-11 07:14
Accounting Clerk,https://remoteOK.com/remote-jobs/remote-accounting-clerk-defense-holdings-inc-1130847,60,True,I am an expert in this field.,2026-04-11 07:14
Forward Deployed Engineer VoIP,https://remoteOK.com/remote-jobs/remote-forward-deployed-engineer-voip-parloa-1130840,60,True,I am an expert in this field.,2026-04-11 07:14
Senior Staff Engineer Product Security,https://remoteOK.com/remote-jobs/remote-senior-staff-engineer-product-security-faire-1130828,60,True,I am an expert in this field.,2026-04-11 07:14
Software Engineer Reliability,https://remoteOK.com/remote-jobs/remote-software-engineer-reliability-openai-1130817,60,True,I am an expert in this field.,2026-04-11 07:14
SaaS Platform Architect,https://remoteOK.com/remote-jobs/remote-saas-platform-architect-legion-1130814,60,True,I am an expert in this field.,2026-04-11 07:14
Technical Account Manager,https://remoteOK.com/remote-jobs/remote-technical-account-manager-ping-identity-1130801,60,True,I am an expert in this field.,2026-04-11 07:14
DevOps Database Assistant Vice President,https://remoteOK.com/remote-jobs/remote-devops-database-assistant-vice-president-icapital-1130799,60,True,I am an expert in this field.,2026-04-11 07:14
Senior Sales Systems Engineer,https://remoteOK.com/remote-jobs/remote-senior-sales-systems-engineer-veeam-software-1130793,60,True,I am an expert in this field.,2026-04-11 07:14
Senior Sales Engineer Data & AI Security,https://remoteOK.com/remote-jobs/remote-senior-sales-engineer-data-ai-security-veeam-software-1130787,60,True,I am an expert in this field.,2026-04-11 07:14
Staff DevOps Engineer,https://remoteOK.com/remote-jobs/remote-staff-devops-engineer-life360-1130783,60,True,I am an expert in this field.,2026-04-11 07:14
VP Corporate Marketing Brand & Communications,https://remoteOK.com/remote-jobs/remote-vp-corporate-marketing-brand-communications-blackpoint-cyber-1130780,60,True,I am an expert in this field.,2026-04-11 07:14
Software Engineer New Grad Production Infrastructure,https://remoteOK.com/remote-jobs/remote-software-engineer-new-grad-production-infrastructure-palantir-technologies-1130763,60,True,I am an expert in this field.,2026-04-11 07:14
Cloud Security Architect,https://remoteOK.com/remote-jobs/remote-cloud-security-architect-altium-1130757,60,True,I am an expert in this field.,2026-04-11 07:14
Staff Threat Intelligence Researcher,https://remoteOK.com/remote-jobs/remote-staff-threat-intelligence-researcher-lookout-inc-1130722,60,True,I am an expert in this field.,2026-04-11 07:14
Security Intern,https://remoteOK.com/remote-jobs/remote-security-intern-ezcater-inc-1130696,60,True,I am an expert in this field.,2026-04-11 07:14
Senior Software Engineer Python Django PostgreSQL and Vue.js,https://remoteOK.com/remote-jobs/remote-senior-software-engineer-python-django-postgresql-and-vue-js-ghx-1130694,60,True,I am an expert in this field.,2026-04-11 07:14
Security Engineer,https://remoteOK.com/remote-jobs/remote-security-engineer-exodus-movement-inc-1130686,60,True,I am an expert in this field.,2026-04-11 07:14
Product Operations Lead,https://remoteOK.com/remote-jobs/remote-product-operations-lead-alpaca-1130684,60,True,I am an expert in this field.,2026-04-11 07:14
Cloud Systems Engineer,https://remoteOK.com/remote-jobs/remote-cloud-systems-engineer-accenture-federal-services-1130678,60,True,I am an expert in this field.,2026-04-11 07:14
Senior DevOps Engineer,https://remoteOK.com/remote-jobs/remote-senior-devops-engineer-chownow-1130673,60,True,I am an expert in this field.,2026-04-11 07:14
Senior Software Engineer React,https://remoteOK.com/remote-jobs/remote-senior-software-engineer-react-creative-chaos-1130645,60,True,I am an expert in this field.,2026-04-11 07:14
Communications Manager,https://remoteOK.com/remote-jobs/remote-communications-manager-certik-1130643,60,True,I am an expert in this field.,2026-04-11 07:14
DevOps Engineer,https://remoteOK.com/remote-jobs/remote-devops-engineer-memx-1130637,60,True,I am an expert in this field.,2026-04-11 07:14
VP Data and Analytics,https://remoteOK.com/remote-jobs/remote-vp-data-and-analytics-cobalt-service-partners-1130633,60,True,I am an expert in this field.,2026-04-11 07:14
Senior Open Source Intelligence Analyst,https://remoteOK.com/remote-jobs/remote-senior-open-source-intelligence-analyst-concentric-advisors-1130628,60,True,I am an expert in this field.,2026-04-11 07:14
Cloud Architect,https://remoteOK.com/remote-jobs/remote-cloud-architect-accenture-federal-services-1130620,60,True,I am an expert in this field.,2026-04-11 07:14
Channel Manager Team Lead United States,https://remoteOK.com/remote-jobs/remote-channel-manager-team-lead-united-states-jumpcloud-1130600,60,True,I am an expert in this field.,2026-04-11 07:14
Program Manager,https://remoteOK.com/remote-jobs/remote-program-manager-nava-1130574,60,True,I am an expert in this field.,2026-04-11 07:14
Middle Project Manager Internal Systems and Processes,https://remoteOK.com/remote-jobs/remote-middle-project-manager-internal-systems-and-processes-infuse-1130567,60,True,I am an expert in this field.,2026-04-11 07:14
Early Career Software Engineer Warfighter Systems,https://remoteOK.com/remote-jobs/remote-early-career-software-engineer-warfighter-systems-anduril-industries-1130565,60,True,I am an expert in this field.,2026-04-11 07:14
Growth Engineer,https://remoteOK.com/remote-jobs/remote-growth-engineer-bitmex-1130564,60,True,I am an expert in this field.,2026-04-11 07:14
Senior Security Engineer,https://remoteOK.com/remote-jobs/remote-senior-security-engineer-nansen-ai-1130555,60,True,I am an expert in this field.,2026-04-11 07:14
Senior User Experience Designer,https://remoteOK.com/remote-jobs/remote-senior-user-experience-designer-virtru-1130547,60,True,I am an expert in this field.,2026-04-11 07:14
Senior Database Reliability Engineer,https://remoteOK.com/remote-jobs/remote-senior-database-reliability-engineer-okta-inc-1130537,60,True,I am an expert in this field.,2026-04-11 07:14
Senior Product Manager,https://remoteOK.com/remote-jobs/remote-senior-product-manager-infuse-1130523,60,True,I am an expert in this field.,2026-04-11 07:14
Senior Solutions Engineer North East,https://remoteOK.com/remote-jobs/remote-senior-solutions-engineer-north-east-okta-inc-1130498,60,True,I am an expert in this field.,2026-04-11 07:14
Regional Account Executive,https://remoteOK.com/remote-jobs/remote-regional-account-executive-amarok-1130480,60,True,I am an expert in this field.,2026-04-11 07:14
Corporate Paralegal,https://remoteOK.com/remote-jobs/remote-corporate-paralegal-1130468,60,True,I am an expert in this field.,2026-04-11 07:14
IT Officer,https://remoteOK.com/remote-jobs/remote-it-officer-goal-uganda-1130465,60,True,I am an expert in this field.,2026-04-11 07:14
Administrative Business Partner,https://remoteOK.com/remote-jobs/remote-administrative-business-partner-openai-1130462,60,True,I am an expert in this field.,2026-04-11 07:14
Senior Security Engineer,https://remoteOK.com/remote-jobs/remote-senior-security-engineer-you-com-1130439,60,True,I am an expert in this field.,2026-04-11 07:14
DevOps Engineer,https://remoteOK.com/remote-jobs/remote-devops-engineer-infstones-1130436,60,True,I am an expert in this field.,2026-04-11 07:14
Mid Level DevOps Engineer CI CD Optimization,https://remoteOK.com/remote-jobs/remote-mid-level-devops-engineer-ci-cd-optimization-ubiminds-1130430,60,True,I am an expert in this field.,2026-04-11 07:14
Director Asset Protection NAM Retail,https://remoteOK.com/remote-jobs/remote-director-asset-protection-nam-retail-arc39teryx-1130429,60,True,I am an expert in this field.,2026-04-11 07:14
Security Specialist,https://remoteOK.com/remote-jobs/remote-security-specialist-workwize-1130423,60,True,I am an expert in this field.,2026-04-11 07:14
Project Coordinator,https://remoteOK.com/remote-jobs/remote-project-coordinator-caylent-1130417,60,True,I am an expert in this field.,2026-04-11 07:14
Regional Account Executive,https://remoteOK.com/remote-jobs/remote-regional-account-executive-oasis-security-1130416,60,True,I am an expert in this field.,2026-04-11 07:14
Product & Application Security Engineer,https://remoteOK.com/remote-jobs/remote-product-application-security-engineer-veeam-software-1130399,60,True,I am an expert in this field.,2026-04-11 07:14
Field Marketing Manager,https://remoteOK.com/remote-jobs/remote-field-marketing-manager-cogent-security-1130388,60,True,I am an expert in this field.,2026-04-11 07:14
Manager Paid Social and Digital Acquisition,https://remoteOK.com/remote-jobs/remote-manager-paid-social-and-digital-acquisition-cogent-security-1130387,60,True,I am an expert in this field.,2026-04-11 07:14
Director of Product Marketing,https://remoteOK.com/remote-jobs/remote-director-of-product-marketing-cogent-security-1130384,60,True,I am an expert in this field.,2026-04-11 07:14
Associate Director Adobe Target,https://remoteOK.com/remote-jobs/remote-associate-director-adobe-target-bounteous-1130374,60,True,I am an expert in this field.,2026-04-11 07:14
Enterprise Account Executive Pacific NW,https://remoteOK.com/remote-jobs/remote-enterprise-account-executive-pacific-nw-firemon-1130373,60,True,I am an expert in this field.,2026-04-11 07:14
Marketing Campaign Operations Associate,https://remoteOK.com/remote-jobs/remote-marketing-campaign-operations-associate-huntress-1130350,60,True,I am an expert in this field.,2026-04-11 07:14
Inside Sales Representative Retention,https://remoteOK.com/remote-jobs/remote-inside-sales-representative-retention-aura-1130348,60,True,I am an expert in this field.,2026-04-11 07:14
Employee Relations &amp; Compliance Specialist,https://remoteOK.com/remote-jobs/remote-employee-relations-amp-compliance-specialist-placemakr-1130332,60,True,I am an expert in this field.,2026-04-11 07:14
Global Graphic Designer,https://remoteOK.com/remote-jobs/remote-global-graphic-designer-goodway-group-1130322,60,True,I am an expert in this field.,2026-04-11 07:14
Manager Software Engineering,https://remoteOK.com/remote-jobs/remote-manager-software-engineering-chainguard-1130304,60,True,I am an expert in this field.,2026-04-11 07:14
Cloud Engineer,https://remoteOK.com/remote-jobs/remote-cloud-engineer-accenture-federal-services-1130301,60,True,I am an expert in this field.,2026-04-11 07:14
Information Security Operations Engineer,https://remoteOK.com/remote-jobs/remote-information-security-operations-engineer-bounteous-1130288,60,True,I am an expert in this field.,2026-04-11 07:14
Security Access Management Lead,https://remoteOK.com/remote-jobs/remote-security-access-management-lead-bounteous-1130286,60,True,I am an expert in this field.,2026-04-11 07:14
Integrated Marketing Manager,https://remoteOK.com/remote-jobs/remote-integrated-marketing-manager-openai-1130266,60,True,I am an expert in this field.,2026-04-11 07:14
Senior Software Engineer I Puppet,https://remoteOK.com/remote-jobs/remote-senior-software-engineer-i-puppet-perforce-1130251,60,True,I am an expert in this field.,2026-04-11 07:14
Founding Paralegal,https://remoteOK.com/remote-jobs/remote-founding-paralegal-eudia-1130249,60,True,I am an expert in this field.,2026-04-11 07:14
Security Engineer,https://remoteOK.com/remote-jobs/remote-security-engineer-permitflow-1130241,60,True,I am an expert in this field.,2026-04-11 07:14
SOC Analyst,https://remoteOK.com/remote-jobs/remote-soc-analyst-keyrock-1130231,60,True,I am an expert in this field.,2026-04-11 07:14
Principal Security Engineer,https://remoteOK.com/remote-jobs/remote-principal-security-engineer-auros-1130222,60,True,I am an expert in this field.,2026-04-11 07:14
Staff Product Security Engineer Customer Platform,https://remoteOK.com/remote-jobs/remote-staff-product-security-engineer-customer-platform-valon-tech-1130220,60,True,I am an expert in this field.,2026-04-11 07:14
